88;7798160700030;Premezcla pizza Delicel 500g;;;;3460,00
89;7798160700016;Bizcochuelo vainilla Delicel 500g;;;;3460,00
91;7798160700054;Premezcla para pan Delicel 500g;;;;3460,00
92;7798160700047;Premezcla universal Delicel 500g;;;;2980,00
93;7798160700023;Bizcochuelo chocolate Delicel 500g;;;;3460,00
220;7798094170169;Fideos integral Soyarroz 300g;;;;2780,00
221;7798094170138;Fideos maiz Soyarroz 300g;;;;2780,00
222;7798094170145;Fideos espinaca Soyarroz 300g;;;;2780,00
223;7798094170114;Fideos tradicional Soyarroz 300g;;;;2780,00
372;7798293000144;Grisines cebolla Naquet;;;;1880,00
625;7798160700351;Galletitas naranja Delicel 150g;;;;2000,00
769;7798094170268;Fideos tradicionales finos Soyarroz 300g;;;;2780,00
770;7798094170121;Fideos morron Soyarroz 300g;;;;2780,00
916;7798079230598;Galletitas mechaditos Santa Maria 200g;;;;2300,00
934;7798079230116;Galletitas limon Santa Maria 200g;;;;2300,00
935;7798079230109;Galletitas Coco Santa Maria 200g;;;;2300,00
936;7798079230147;Galletitas vainilla Santa Maria 200g;;;;2300,00
938;7798079230628;Galletitas marmoladas Santa Maria 200g;;;;2300,00
1398;7798079230161;Pepas Santa Maria 200g;;;;2300,00
1404;7798079230017;Galletitas chocolate Santa Maria 200g;;;;2300,00
1411;7798079230062;Vainillas Santa Maria 180g;;;;4100,00
1447;7898954933450;Pan blanco Schar 200g;;;;5380,00
1448;7798160700597;Pepas membrillo Delicel 150g;;;;2000,00
1463;656750783924;Pasta de mani stevia Entrenuts;;;;3400,00
1474;636266687015;Miel pura Miraflores 500g;;;;3530,00
1521;7798154590579;Premezcla para pastas Padoan 500g;;;;3140,00
1522;7798154590586;Premezcla pan y pizza Padoan 500g;;;;3500,00
1526;7798144941275;Premezcla universal Dimax 500g;;;;3380,00
1549;7798169900233;Premezcla universal Doña Pacha 500g;;;;3940,00
1553;7798169900288;Premezcla para pizza Doña Pacha 500g;;;;4460,00
1555;7798160700245;Rebozador Delicel 500g;;;;3370,00
1559;7790495004494;Fariña de mandioca Yin yang;;;;3450,00
1560;7798128410087;Rebozador Aglu 450g;;;;2940,00
1577;7622201703172;Jugo pomelo rosado Clight 8g;;;;380,00
1578;7622201703110;Jugo naranja Clight 8g;;;;380,00
1579;7622201703080;Jugo manzana Clight 8g;;;;380,00
1593;7798293000090;Palmeritas Naquet;;;;2050,00
1594;7798293000151;Grisines semillas Naquet;;;;1880,00
1595;7798293000137;Grisines queso Naquet;;;;1880,00
1608;076625216287;Medallones brocoli Nutree;;;;4770,00
1609;076625216270;Medallones porotos Nutree;;;;4770,00
1610;076625216263;Medallones lentil Nutree;;;;4770,00
1611;076625216256;Medallones indian Nutree;;;;4770,00
1612;758890938131;Medallones hongos Nutree;;;;4770,00
1613;076625216294;Medallones espinaca Nutree;;;;4770,00
1617;7798336830356;Tapas de empanadas Argenti 330g;;;;2300,00
1618;7798336830868;Tapas para tartas Argenti 380g;;;;3000,00
1623;1623;Raviolones espinaca y ricota x 6 uni Chuño;;;;6000,00
1624;1624;Sorrentinos jamon y queso 8 uni. Chuño;;;;6000,00
1657;7793706000254;Papas fritas Julicroc 70g;;;;1550,00
1661;7798181510908;Snacks jamon Smams 80g;;;;1100,00
1664;7793706000971;Palitos de maiz extra queso Julicroc 65g;;;;1080,00
1673;7793706000292;Papas fritas Julicroc 250g;;;;4800,00
1674;7793706000957;Papas fritas Julicroc 160g;;;;3350,00
1682;7798151952608;Mani crocante pizza Mani king 80g;;;;2000,00
1683;7793706000988;Palitos de maiz extra queso Julicroc180g;;;;2340,00
1694;7798138004580;Copita helada Seitu;;;;2300,00
1701;7798142880019;Galletas de arroz clasicas Molinos del bosque;;;;2000,00
1702;7798181510458;Budin limon Smams 250g;;;;4470,00
1703;7798181510274;Budin con chips de chocolate Smams 200g;;;;4470,00
1704;7798181510106;Budin vainilla Smams 250g;;;;4470,00
1705;7798181510113;Budín marmolado Smams 250g;;;;4470,00
1715;77969071;Chicle menta Beldent;;;;680,00
1720;7798161300727;Alfajor d.d.l s/a Cerro azul 55g;;;;1680,00
1721;7798161300734;Alfajor mousse limon Cerro azul 55g;;;;1300,00
1722;7798161300741;Alfajor mousse de chocolate Cerro azul 55g;;;;1300,00
1732;7794786300029;Alfajor dulce de leche Dantelli;;;;970,00
1733;7794786030001;Alfajor pasta de avellana Dantelli;;;;1250,00
1734;7794786300043;Alfajor de frutilla Dantelli;;;;980,00
1736;1736;Alfajores Chuño;;;;2100,00
1775;7790070336002;Spaghetti Matarazzo;;;;3080,00
1795;7798340790165;Galletitas chocolate Franks;;;;1890,00
1797;7798340790189;Galletitas con chips choco Franks;;;;1890,00
1798;7798340790172;Galletitas limon Franks;;;;1890,00
1801;7790412000295;Tostadas arroz sin sal Leiva;;;;1700,00
1802;7790412000288;Tostadas arroz dulces Leiva;;;;1250,00
1810;7790538009561;Arrocitas cuad.c/sal Cerealko;;;;1550,00
1823;7798181510267;Rellenas frutilla Smams;;;;1690,00
1824;7798181510021;Rellenas vainilla Smams 105g;;;;1690,00
1825;7798181510014;Rellenas chocolate Smams 105g;;;;1690,00
1826;7798181511226;Pepas membrillo veggie Smams 150g;;;;1990,00
1827;7798181511004;Galletitas chips de chocolate Smams 150g;;;;2650,00
1828;7798181510786;Pepas membrillo Smams 150g;;;;1990,00
1829;754697508362;Palmeritas Palluzzi 200g;;;;3300,00
1830;754697508355;Alfajorcitos de maicena Palluzzi;;;;3300,00
1831;7798181510182;Bizcochitos dulces Smams 150g;;;;1900,00
1832;7798181510212;Crackers Smams 150g;;;;2550,00
1833;7798181510229;Crackers mix de semillas Smams 150g;;;;2550,00
1834;7798181510205;Crackers s/sal Smams150g;;;;2550,00
1836;7798181510847;Colegiales Smams 150g;;;;1670,00
1837;7798181510243;Polvorones vainilla Smams130g;;;;1620,00
1838;7798181511202;Polvorones limon Smams 130g;;;;1620,00
1839;7798181511196;Polvorones coco Smams 130g;;;;1620,00
1841;7798181510960;Anillitos de miel Smams 150g;;;;1910,00
1842;7798181510977;Anillitos frutados Smams 150g;;;;1910,00
1843;7798181510984;Bolitas de chocolate Smams 150g;;;;2150,00
1846;7793706000131;Tutucas Julicroc 90g;;;;1260,00
1848;7790495003404;Quinoa Pop 80g Yin Yang;;;;920,00
1853;7798181510120;Biscuits Smams 120g;;;;2850,00
1854;7798332890316;Aritos frutados Julicroc 150g;;;;1360,00
1855;7798332890323;Bolitas de chocolate Julicroc 150g;;;;1360,00
1859;7793706000438;Doninas frutos del bosque 200g;;;;2500,00
1860;7793706000421;Doninas frutos secos 200g;;;;2500,00
1861;7793706000360;Doninas 5 semillas 200g;;;;2500,00
1862;7793706000353;Doninas con chips chocolate 200g;;;;2500,00
1863;7798359330024;Doninas saladas con semillas180g;;;;2500,00
1864;7798359330017;Doninas limon con chia s/azucar 150g;;;;2510,00
1868;7790495004036;Garbanzo grande Yin Yang;;;;2200,00
1917;7798120322029;Caldo de verdura s/sal Bon wert 50g;;;;2630,00
1918;7798120322012;Caldo de verdura Bon wert 45g;;;;2630,00
1919;7798120322036;Caldo de carne Bon wert 50g;;;;2630,00
1920;7798120322043;Caldo de gallina Bon wert 50g;;;;2630,00
1921;7798120324085;Sopa de queso Bon wert 50g;;;;2400,00
1922;7798120324030;Sopa zapallo Bon wert 55g;;;;2400,00
1923;7798120324047;Sopa esparrago Bon wert 50g;;;;2460,00
1924;7798120324092;Sopa pollo Bon wert 50g;;;;2400,00
1925;7798120324054;Sopa choclo Bon wert 40g;;;;2400,00
1926;7798120324078;Sopa de arvejas Bon wert 50g;;;;2400,00
1927;7798120324023;Sopa cebolla Bon wert 50g;;;;2400,00
1928;7798120324016;Sopa verdura Bon wert 45g;;;;2400,00
1929;7798120324061;Sopa hongos Bon wert 50g;;;;2400,00
1930;7798067050450;Sopa light verdura Frams;;;;2000,00
1939;1939;Pre pizza grande Chuño;;;;3600,00
1940;1940;Pre pizza chica Chuño;;;;1500,00
1945;1945;Sandwich de miga Chuño;;;;5300,00
1980;7798293000120;Grisines clasicos Naquet;;;;1880,00
1982;7790495005651;Arroz yamani integral org. Yin yang;;;;2480,00
1985;7798151952585;Mani crocante jamon Mani king 80g;;;;2000,00
1990;736684208721;Pasta de mani coco Entrenuts;;;;3400,00
1993;7798160700337;Galletitas chocolate Delicel 150g;;;;2000,00
1998;7790412000271;Tostadas arroz c /sal Leiva;;;;1700,00
2000;2000;Coco y ddl tarta Chuño;;;;3300,00
2001;754697508324;Vainillas Palluzzi;;;;3300,00
2002;754697508300;Pepas batata Palluzzi 200g;;;;3300,00
2003;736684239145;Pepas dulce de leche Palluzzi;;;;3300,00
2004;7793706000193;Papas pay Julicroc 100g;;;;2000,00
2005;7798359330079;Doninas chocolate y mani 200g;;;;2500,00
2006;7798359330086;Doninas coco y ddl 200g;;;;2500,00
2035;7798151952592;Mani crocante queso Mani king 80g;;;;2000,00
2040;7798181510892;Snacks queso Smams 80g;;;;1100,00
2041;7798181510915;Snacks pizza Smams 80g;;;;1100,00
2066;636266687008;Miel pura Miraflores 250G;;;;2550,00
2083;7622201106034;Gelatina sin sabor Royal 14g;;;;1100,00
2085;7790895648816;Agua sin gas Benedictino 500ml;;;;950,00
2086;7790895067532;Coca cola 500ml;;;;1550,00
2096;7798160700320;Galletitas vain.c/chips Delicel 150g;;;;2000,00
2109;7622201812652;Mantecol 111g;;;;2500,00
2130;736684208707;Pasta de mani natural Entrenuts;;;;3400,00
2131;656750783979;Pasta de mani mix semillas Entrenuts;;;;3400,00
2133;7790895064142;Sprite s/a 500ml;;;;1550,00
2134;7790895648823;Agua sin gas Benedictino 2.25L;;;;1800,00
2141;754697508287;Pepas frutos rojos Palluzzi;;;;3300,00
2162;7798332890415;Papas corte americano Julicroc 80g;;;;1820,00
2189;7793913013238;Yogur entero c/fruti. Tregar 160g;;;;1200,00
2191;7793913013252;Yogur entero c/ arandanos Tregar;;;;1200,00
2192;7793913013245;Yogur entero c/ durazno Tregar 160g;;;;1200,00
2196;2196;Maicena alfajor Chuño;;;;2250,00
2197;7798181511233;Pan rallado Smams 350g;;;;2540,00
2198;7798181511240;Rellenas mousse choc. Smams105g;;;;1690,00
2199;7798181511257;Rellenas mousse limon Smams 105g;;;;1690,00
2206;7798160700573;Galletitas limon Delicel 150g;;;;2000,00
2213;7192727570874;Budin con chips de choco. Smams 200g;;;;4470,00
2217;7798181511219;Polvoron de vainilla Smams;;;;1620,00
2220;7790127789515;Salsa de Soja Vanoli 190g;;;;300,00
2223;7622201807498;Jugo naranja dulce Clight 7,5gr;;;;380,00
2227;7798332890422;Papas corte americano Julicroc 270g;;;;5180,00
2249;7798200050019;Tostaditas de arroz Crackines 120g;;;;2050,00
2251;7798186071688;Pure de papas Plenna 125g;;;;1640,00
2263;7798181510519;Pan dulce c/ chips choco Smams;;;;7070,00
2264;7798181510526;Pan dulce c/ frutas Smams;;;;7070,00
2273;076625212074;Tostadas clasicas Risky-Dit 150;;;;1700,00
2274;7790895002335;Fanta 500ml;;;;1550,00
2281;7622201702656;Jugo limonada Clight;;;;380,00
2287;2287;Tarta verdura Chuño;;;;6600,00
2288;2288;Tarta jamon y queso Chuño;;;;6600,00
2289;2289;Pastafrola membrillo Chuño;;;;3300,00
2290;2290;Pastafrola batata Chuño;;;;3300,00
2291;2291;Valeria choc.y ddl Chuño;;;;3300,00
2305;7898954933610;Pan frances Schar 100g;;;;4820,00
2309;7798160700290;Galletitas coco Delicel 150g;;;;2000,00
2324;7794786910037;Galletita dulce de limon Dantelli 35g;;;;750,00
2326;77969118;Chicle frutilla Beldent;;;;680,00
2349;7790895647659;Agua sin gas Benedictino 1,5L;;;;1300,00
2350;7790895000782;Coca cola original 500c.c;;;;1550,00
2351;7898954933467;Pan rustico Schar 200g;;;;5770,00
2376;2376;Budin de limon Sol de invierno;;;;4850,00
2378;2378;Budin con chips Sol de invierno;;;;4850,00
2379;2379;Pan de molde grande Sol de invierno;;;;3600,00
2380;2380;Pan molde chico Sol de invierno;;;;2450,00
2382;2382;Pan de hamburguesa Sol de invierno;;;;2650,00
2383;2383;Prepizza Sol de invierno;;;;3460,00
2385;2385;Tartines calabaza y choclo x 2uni Sol de Invierno.;;;;5770,00
2386;2386;Tartines pollo y verdeo x 2 unid. Sol de invierno;;;;6350,00
2389;2389;Caramelos Flynn paff;;;;100,00
2401;2401;Tartines verdura Sol de invierno;;;;5200,00
2403;2403;Tartines de jamon y queso Sol de invierno;;;;6350,00
2406;7622201703141;Jugo Naranja Dulce Clight;;;;380,00
2408;7798191490054;Anillitos Abucel;;;;1100,00
2410;614143143960;Tostadas IntiPan 150g;;;;2780,00
2411;781718851671;Tostadas c/semilla IntiPan 150g;;;;2780,00
2437;7798120324009;Sopa espinaca Bon wert 40g;;;;2400,00
2438;7790127000757;Salsa de soja Vanoli 500g;;;;2300,00
2439;7797257001067;Botellon Ivess x 6 lts;;;;2500,00
2440;7797257001203;Botellon Ivess (-sodio) x 6 lts;;;;2800,00
2443;7794786391003;Galletitas horus Dantelli 90g;;;;1280,00
2445;7798181511011;Chocosmams;;;;3050,00
2493;783970986450;Cerveza Golden Dorfler;;;;3210,00
2496;7790895643743;Ades manzana 200ml;;;;950,00
2497;7790895643767;Ades frutas tropicales 200ml;;;;950,00
2500;7798421750019;Alfajores negros Sol de Invierno;;;;1350,00
2515;2515;Milanesa de soja Sol de Invierno x 3 unid;;;;2770,00
2518;7682807703778;Jugo pomelo rosado Clight;;;;380,00
2521;7790895000829;Sprite original 500c.c;;;;1550,00
2526;783970986467;Cerveza Amber Ale Dorfler;;;;3210,00
2527;2527;Pepas Chuño;;;;2500,00
2529;2529;Madalenas con chips Sol de invierno;;;;2540,00
2534;2534;Adobo para pizza Dicomere 50g;;;;1250,00
2536;7798160700429;Galletitas batata Delicel;;;;2000,00
2537;2537;Madalenas marmoladas Sol de invierno;;;;2540,00
2539;7798161300703;Alfajor mousse de chocolate Cerro Azul;;;;1300,00
2540;7798161300710;Alfajor mousse de limon Cerro azul;;;;1300,00
2544;7794786900250;Mini alfajores de maicena Dantelli;;;;1380,00
2546;7798424130023;Alfajor negro Geselinos;;;;1250,00
2549;2099998600000;Harina de trigo sarraceno Celidarina x peso (P-1);;;;6032,00
2552;2552;Empanadas pollo x 3 uni. Sol de invierno;;;;4850,00
2553;2553;Empanadas carne x 3 uni Sol de invierno;;;;4850,00
2554;2554;Empanadas jamon y queso x 3 uni. Sol de invierno;;;;4850,00
2555;2555;Premezcla Glutal x peso (P-3);;;;5079,00
2568;2568;Empanadas capresse x 3 uni. Sol de invierno;;;;4850,00
2570;2570;Polvo para hornear x peso (P-4);;;;11888,00
2573;7798018850184;Levadura x 2 sobres 10grs Levex;;;;1100,00
2580;2580;Almidon de maiz Glutal x peso (P-6);;;;2187,00
2581;2581;Caramelos palitos de la selva;;;;50,00
2583;076625212050;Tostadas arroz dulce Risky Dit;;;;590,00
2589;2589;Rebozador x peso (P-7);;;;4298,00
2604;783970986474;Cerveza Cofee Stout Dorfler;;;;3210,00
2615;2615;Empanadas de verdura x 3 uni. Sol de invierno;;;;4850,00
2616;7798191490047;Galletitas con chips Abucel;;;;800,00
2620;7794710010024;Leche descremada Veronica;;;;2250,00
2626;2626;Ñoquis Chuño;;;;6000,00
2632;7794059001097;Sopa verdura c/municiones Teramo;;;;4650,00
2633;7794059001080;Municiones Teramo;;;;4650,00
2634;7794059001066;Rigatoni Teramo;;;;4650,00
2635;7794059001042;Penne Rigate Teramo;;;;4650,00
2636;7794059001127;Tirabuzon espinaca Teramo;;;;5250,00
2638;7798293000205;Hojaldritas Naquet;;;;2050,00
2639;7794059001103;Lasagna Teramo;;;;5400,00
2640;2640;Fecula de mandioca x peso (P-9);;;;2818,00
2641;2641;Harina de arroz x peso (P-8);;;;2887,00
2647;7798195940395;Pan de molde feteado Destaccados;;;;5650,00
2649;2649;Harina sorgo Celidarina x peso (P-10);;;;4292,00
2650;2650;Goma Xantica x peso (P-11);;;;46048,00
2664;7793913013436;Crema x 200 c.c Tregar;;;;1830,00
2674;7794786910167;Alfajor choc blanco c/ nuez Dantelli;;;;1250,00
2676;7794059001059;Tirabuzon Teramo;;;;4650,00
2677;7798359330093;Doninas naranja s/azucar;;;;2510,00
2688;7794786910051;Alfajor triple Dantelli;;;;1600,00
2689;7793913013009;Leche deslactosada Tregar;;;;2100,00
2690;7798181511417;Bizcochos salados Smams;;;;1900,00
2691;7798144941121;Palitos salados Dimax;;;;2480,00
2711;7790895643729;Ades durazno 200ml;;;;950,00
2718;2718;Bizcochos queso Chuño;;;;3300,00
2719;7798120329578;Saborizador Albahaca Bon wert;;;;2100,00
2720;7798120329509;Saborizador verduras Bon wert;;;;2100,00
2721;7798120329547;Saborizador Finas hierbas Bon wert;;;;2100,00
2722;7798372110184;Barra manzana + arandanos Vitalgy;;;;1200,00
2723;7798372110177;Barra arandanos + almendras Vitalgy;;;;1200,00
2724;7798372110207;Barra chocolate + caju Vitalgy;;;;1200,00
2725;7798372110191;Barra cacao + almendra Vitalgy;;;;1200,00
2727;7790495004395;Tostaditas quinoa Yin Yang;;;;1000,00
2728;7790495004401;Tostaditas chia Yin Yang;;;;1000,00
2730;7798100464145;Choco. blan. x 500grs Mapsa;;;;6870,00
2731;7798100464121;Choco. leche x 500grs Mapsa;;;;6870,00
2732;7798100464138;Choco. semia. x 500grs Mapsa;;;;6870,00
2734;7798421750026;Alfajores blancos Sol de invierno;;;;1350,00
2735;7790495004371;Lentejas Yin yang;;;;1980,00
2736;7790495004173;Maiz pisingallo Yin yang;;;;1430,00
2737;7798412270335;Esencia de vainilla Yamay;;;;1370,00
2742;7793913012996;Leche descremada Tregar;;;;1680,00
2744;7793706000858;Papas ciboulette Julicroc;;;;1850,00
2745;7798332890347;Papas cheddar Julicroc;;;;1850,00
2746;7793706000940;Papas asado Julicroc;;;;1850,00
2747;7790895643750;Ades naranja 200ml;;;;950,00
2748;7798128150020;Disco arroz Frisbix;;;;1400,00
2750;7797257000886;Naranja + durazno Ivess;;;;1100,00
2751;7797257001104;Limon Ivess;;;;1100,00
2753;7798120329530;Saborizador gallina Bon wert;;;;2100,00
2755;7622202038099;Galletitas Oreo;;;;2000,00
2759;2759;Snack bon o bon x 100grs (P-12);;;;26924,00
2760;7798332890507;Bee croc Julicroc;;;;1360,00
2761;7790495001431;Lentejon Yin yang;;;;2940,00
2762;7790495002803;Arroz yamani integral 1 Kgr Yin yang;;;;4700,00
2763;7798169900271;Premezcla brownie Doña Pacha;;;;5350,00
2766;754697508270;Scon con nuez Palluzzi;;;;3300,00
2768;788115970820;Premezcla base sarraceno Nutrizio;;;;6350,00
2770;7790071080218;Tostadas clasicas arroz Riera;;;;1950,00
2771;7790495003817;Semillas pop Yin yang;;;;650,00
2772;7790495003855;Harina de garbanzo Yin yang 250g;;;;1820,00
2773;7790495005439;Arroz carnaroli Yin yang;;;;3500,00
2774;7793913013689;Yogur natural s/azucar Tregar;;;;1290,00
2777;7798120329523;Saborizador carne Bon wert;;;;2100,00
2778;7798336831049;Tapas para empanadas vegana Argenti;;;;2600,00
2781;7793323024886;Premezcla pizza Dicomere;;;;2250,00
2782;7793323024879;Premezcla pan Dicomere;;;;2250,00
2783;7793323024862;Premezcla universal Dicomere;;;;2250,00
2784;2784;Aji molido Dicomere;;;;1580,00
2785;7793323005069;Oregano Dicomere;;;;620,00
2786;2786;Ajo granulado Dicomere;;;;1290,00
2787;7793323005083;Pimenton ahumado Dicomere;;;;1410,00
2788;2788;Provenzal Dicomere;;;;1220,00
2789;2789;Pimenton dulce Dicomere;;;;1230,00
2792;7797257000725;Citrus Ivess;;;;1100,00
2793;7797257000848;Pomelo Ivess;;;;1100,00
2794;7797257000978;Naranja Ivess;;;;1100,00
2795;7797257001036;Manzana Ivess;;;;1100,00
2796;736684208714;Pasta de mani cacao Entrenuts;;;;3400,00
2797;7798079234381;Obleas vainilla Santa Maria;;;;2300,00
2798;7798079230833;Obleas limon Santa Maria;;;;2300,00
2800;7798144940100;Fideos frescos Dimax;;;;3200,00
2804;2804;Tarta pollo Chuño;;;;6600,00
2805;7790538010246;Nachos queso Macritas;;;;2090,00
2806;7790538010222;Nachos ketchup Macritas;;;;2090,00
2807;7790538000667;Nachos original Macritas 90g;;;;1950,00
2808;7790538010314;Nachos original Macritas x 200gr;;;;3300,00
2809;7793323004918;Fecula de papa Dicomere;;;;4350,00
2810;7793323005137;Coco rallado Dicomere;;;;950,00
2811;7793323024299;Psyllium husk Dicomere;;;;7950,00
2812;2812;Ajo en polvo Dicomere;;;;1050,00
2813;2813;Albahaca Dicomere;;;;660,00
2814;7793323005052;Curcuma Dicomere;;;;1340,00
2815;763571861110;Fideos laminados al huevo El colono;;;;2850,00
2816;763571861141;Fideos laminados morron El colono;;;;2850,00
2817;763571861172;Fideos laminados espinaca El colono;;;;2850,00
2819;7790495005996;Copos maiz natural Yin yang;;;;2250,00
2820;7790495004210;Lino marron Yin yang;;;;1000,00
2821;7798134783069;Galletitas vainilla Trini;;;;2600,00
2822;7798134783045;Galletitas cacao Trini;;;;2600,00
2823;7798134783052;Galletitas limon Trini;;;;2600,00
2824;714604009283;Galletitas cacao + mani Celienergy;;;;2000,00
2825;2825;Harina de almendras x peso (P-13);;;;26837,00
2826;77969095;Beldent mentol;;;;680,00
2827;7793706000339;Bolitas crocantes Julicroc;;;;1170,00
2828;7793706000964;Mix croc Julicroc;;;;3280,00
2829;7798181510496;Pan molde semillas Smams;;;;3600,00
2830;7798181510489;Pan molde clasico Smams;;;;3600,00
2831;7798079234398;Obleas coco Santa Maria;;;;2300,00
2832;7798079234367;Obleas frutilla Santa Maria;;;;2300,00
2833;7798160700221;Premezcla ñoquis Delicel;;;;5080,00
2834;7798128410117;Galletitas vainilla x 500gr Aglu;;;;3940,00
2836;7793323004895;Harina de garbanzo Dicomere;;;;2030,00
2837;7793323024329;Harina quinoa Dicomere;;;;2550,00
2838;7798101202999;Barra proteica Fit Crunch;;;;1500,00
2839;2839;Galletitas Chuño;;;;2240,00
2840;7798345570182;Alfajor negro Amadda;;;;1550,00
2844;7798221642101;Salvado de avena Bio;;;;4650,00
2845;7798221642125;Copos de avena Bio;;;;4650,00
2846;7798221642118;Avena extrafina Bio;;;;4650,00
2847;7798221642095;Avena tradicional Bio;;;;4650,00
2848;2848;Pan de pancho x 6 uni Sol de invierno;;;;2650,00
2849;714604009290;Galletitas de nuez Celienergy;;;;2000,00
2850;7790538010215;Nachos ahumados Macritas 90g;;;;2090,00
2851;7790538010239;Nachos jalapeño & queso Macritas 90g;;;;2090,00
2852;7790538010208;Nachos blue Macritas 90g;;;;2090,00
2856;727373158977;Granola proteica Celula 240g;;;;5750,00
2857;2857;Harina de garbanzo x peso (P-14);;;;4984,00
2858;2858;Premezcla Vida x peso (P-15);;;;3530,00
2859;2859;Premezcla Vida x 5kgrs;;;;16500,00
2860;7790495006030;Copos maiz con azucar Yin yang 420g;;;;2250,00
2861;7790495003923;Harina arroz integral Yin yang 500g;;;;2500,00
2863;7798079230321;Palitos de queso Santa Maria;;;;3180,00
2864;7793913013207;Queso crema clásico Tregar;;;;2550,00
2865;7793913013214;Queso crema light Tregar;;;;2550,00
2866;614143678998;Barras choco mani Que lo paleo;;;;1200,00
2867;763571762882;Alfajorcitos maicena Le soleil;;;;3000,00
2868;2868;Redondelas Mapsa x peso (P-16);;;;11067,00
2869;2869;Tartines capresse Sol de invierno;;;;6350,00
2870;7798169900301;Premezcla pasta Doña pacha;;;;3740,00
2871;7798082000645;Cuadraditas de chocolate Natuzen;;;;1900,00
2872;7798082000652;Cuadraditas de coco Natuzen;;;;1900,00
2873;7798144941053;Budin vainilla Dimax;;;;3450,00
2874;7798144941305;Budin con chips Dimax;;;;3450,00
2876;7798144941336;Galletitas semillas Dimax;;;;2700,00
2877;7798144940490;Bizcochitos queso Dimax;;;;3000,00
2878;714604308522;Azucaradas negras Vivir libre;;;;2730,00
2879;714604308515;Azucaradas blancas Vivir libre;;;;2730,00
2880;714604308485;Bizcochitos  Vivir libre;;;;2630,00
2883;754697508256;Scon con chips Palluzzi;;;;3300,00
2884;754697508294;Pepas membrillo Palluzzi;;;;3300,00
2885;783970986481;Cerveza IPA Dorfler;;;;3210,00
2886;7798144941213;Medallones soja Dimax;;;;2800,00
2887;7798144940551;Budin con frutas Dimax;;;;3450,00
2888;7798144940568;Budin marmolado Dimax;;;;3450,00
2890;7798184451055;Garbanzo jamon Fit beans;;;;1230,00
2891;7798184451048;Garbanzo queso Fit beans;;;;1230,00
2892;7793913013726;Queso blanco light Tregar;;;;3420,00
2894;7798160700566;Premezcla pan integral Delicel;;;;3900,00
2895;7798160700528;Bizcochos pizza Delicel;;;;1950,00
2896;7798160700542;Bizcochos oliva Delicel;;;;1950,00
2897;7798160700535;Bizcochos queso Delicel;;;;1950,00
2898;7798336830417;Tapas empanadas rotiseras Argenti;;;;3200,00
2899;7798424130016;Alfajor blanco Geselinos;;;;1250,00
2900;2900;Bocaditos de dulce de leche stevia Trini;;;;230,00
2902;7798195940296;Snack veggie tomate Via vita;;;;1290,00
2903;7798195940302;Snack veggie garbanzo Via vita;;;;1290,00
2904;763571722411;Aceite coco Entrenuts 200c.c;;;;4200,00
2908;7798128150013;Disco arroz dulce Frisbix;;;;1400,00
2909;736684208738;Pasta de mani crocante Entrenuts;;;;3400,00
2910;7798123142433;Barrita Mani choco Nutrres;;;;1300,00
2911;7798123142440;Barrita crocante mani Nutres;;;;1200,00
2913;7798290581905;Leche de quinoa Biba;;;;3700,00
2915;7798400310050;Galletitas malteadas saladas Halina;;;;3160,00
2916;7798400310067;Galletitas malteadas dulces Halina;;;;3160,00
2917;7790495005132;Semillas quinoa Yin yang;;;;2280,00
2918;7790495005156;Semilas chia Yin yang;;;;2750,00
2919;781718851657;Pan rallado Intipan;;;;3530,00
2920;7798161301052;Alfajor fresa s/azucar Cerro azul;;;;1680,00
2921;763571794357;Alfajor de arroz marroc Felicite;;;;560,00
2922;763571794340;Alfajor arroz limon Felicite;;;;560,00
2923;7793913002119;Chocolatada Tregar;;;;900,00
2924;714604010838;Galletitas nuez bañadas Celienergy;;;;3500,00
2925;7798082000553;Rebozador de arroz Natuzen;;;;2130,00
2926;7798088142981;Aceite oliva Oleovares del sol;;;;5100,00
2927;7798128410285;Galletitas con chips de chocolate Aglu;;;;2250,00
2929;7798181510656;Budin con frutas Smams;;;;4470,00
2930;7798332890569;Papas sabor huevo frito julicroc;;;;1850,00
2931;7793323024404;Cebolla en polvo Dicomere;;;;1280,00
2932;7793323024411;Cebolla deshidratada Dicomere;;;;1300,00
2933;7798189590162;Mani natural Entrenuts;;;;1250,00
2934;7798189590179;Mani salado Entrenuts;;;;1250,00
2935;7798189590216;Mani cebolla a la crema Entrenuts;;;;1250,00
2936;7790380270133;Mantecol caramel x 111gr;;;;2500,00
2937;7790895649806;Ades almendra;;;;3380,00
2938;7798340790356;Alfajor con mousse de limon Franks;;;;900,00
2939;5798250093242;Snack Bon o bon x 800 grs;;;;20100,00
2940;7793323024787;Texturizado de garbanzo Dicomere;;;;3150,00
2941;7793323004406;Harina de coco Dicomere;;;;2250,00
2942;2942;Pan bollitos Chuño;;;;2850,00
2943;7790495005309;Avena gruesa Yin yang;;;;4450,00
2944;7790495005293;Avena instantanea Yin yang;;;;4450,00
2945;7790495005880;Sorgo pop Yin yang;;;;450,00
2946;7891991304870;Cerveza Stella Artois;;;;5660,00
2947;7790380270126;Mantecol coco;;;;2500,00
2948;7790380270119;Mantecol cafe;;;;2500,00
2949;7790495001356;Arroz yamani pop Yin yang;;;;750,00
2950;7793913000139;Queso rallado Tregar;;;;1680,00
2951;754697508317;Merenguitos Palluzzi;;;;3300,00
2952;736684239176;Polvorones vainilla Palluzzi;;;;3300,00
2953;736684239169;Polvorones marmolados Palluzzi;;;;3300,00
2954;7798332890552;Papas ketchup Julicroc;;;;1850,00
2955;7797257000121;Agua Ivess 500ml;;;;900,00
2956;7797257000145;Agua con gas Ivess 500ml;;;;900,00
2957;2957;Pan de campo Sol de invierno;;;;1620,00
2958;2958;Pizzetas con muza Sol de invierno;;;;3690,00
2959;2959;Sandwich jamon y queso Sol de invierno;;;;4300,00
2960;7798195940401;Pan molde semillas Destaccados;;;;5650,00
2961;7898954933689;Pan hamburguesa Schar;;;;5200,00
2962;2962;Pizza con muzzarella Chuño;;;;6400,00
2963;7798412270267;Canela Yamay;;;;1520,00
2964;7798412270274;Jengibre Yamay;;;;1320,00
2965;7794786920432;Snack cheddar Dantelli;;;;1650,00
2966;7798434840011;Barra banana/ddl Epico;;;;1500,00
2967;4336204840088;Barra manzana/canela Epico;;;;1500,00
2968;7798033680667;Snack Miel y Vainilla Samurai;;;;2400,00
2969;7798033680650;Snack semilla y cacao Samurai;;;;2400,00
2970;7798033680605;Snack Queso Samurai;;;;2400,00
2971;7798033680674;Snack quinoa y ddl Samurai;;;;2400,00
2972;2972;Brownie Sol de invierno;;;;1620,00
2973;763571648513;Karnevil medallon Felices las vacas;;;;2580,00
2974;763571648506;Chickenvil medallon Felices las vacas;;;;3130,00
2975;724751007674;Nuggets pollo Felices las vacas;;;;4860,00
2976;724751014108;Mila carne Felices las vacas;;;;3900,00
2977;763571765197;Medallon espinaca Felices las vacas;;;;2440,00
2978;763571765180;Medallon calabaza y choclo Felices las vacas;;;;2440,00
2979;721450780839;Falafels Mundo vegetal;;;;4040,00
2980;7798332890644;Papas fritas provenzal Julicroc;;;;1850,00
2981;714604308539;Snack queso Vivir libre;;;;3750,00
2982;714604308546;Snack fugazzeta Vivir libre;;;;3750,00
2983;714604308560;Tortillas Vivir libre;;;;3380,00
2984;714604308553;Galletitas surtidas Vivir libre;;;;3680,00
2985;7798407950136;Premezcla falafel Gula;;;;3500,00
2986;7798407950143;Premezcla hamburguesa Gula;;;;3690,00
;;;;;;
